epoch,train_loss,val_loss
1,2.474838457223067,2.372541666030884
2,2.452967423270909,2.585963249206543
3,2.452917697743546,2.4624414443969727
4,2.453091627387891,2.5588932037353516
5,2.4526492192557483,2.5250167846679688
6,2.4529809684406847,2.4396963119506836
7,2.452702199496925,2.3732945919036865
8,2.452625631412048,2.5554373264312744
9,2.4528156526764375,2.548748016357422
10,2.452638197431604,2.407863140106201
